{"client_meta":{"background_color":{"r":0.9607843160629272,"g":0.9607843160629272,"b":0.9607843160629272,"a":0},"thumbnail_size":{"width":400,"height":256},"render_coordinates":{"x":-1953,"y":-235,"width":3595,"height":2299.1201171875}},"file_name":"Untitled","developer_related_links":[],"exported_at":"2026-03-22T15:55:20.410Z"}